{
  "version": 1,
  "author": "Mohammad Kazim",
  "editor": "wokwi",
  "parts": [
    { "type": "wokwi-breadboard-half", "id": "bb1", "top": -22.2, "left": -6.8, "attrs": {} },
    { "type": "board-esp32-devkit-c-v4", "id": "esp", "top": -28.8, "left": -187.16, "attrs": {} },
    { "type": "board-ds18b20", "id": "temp1", "top": -20.33, "left": 263.28, "attrs": {} },
    {
      "type": "wokwi-led",
      "id": "led1",
      "top": -13.2,
      "left": 147.8,
      "attrs": { "color": "red" }
    },
    {
      "type": "wokwi-led",
      "id": "led2",
      "top": -13.2,
      "left": 186.2,
      "attrs": { "color": "green" }
    },
    {
      "type": "wokwi-buzzer",
      "id": "bz1",
      "top": -55.2,
      "left": 59.4,
      "attrs": { "volume": "0.1" }
    },
    {
      "type": "wokwi-resistor",
      "id": "r1",
      "top": 129.05,
      "left": 219.4,
      "attrs": { "value": "4700" }
    },
    {
      "type": "board-ssd1306",
      "id": "oled1",
      "top": 233.54,
      "left": 77.03,
      "attrs": { "i2cAddress": "0x3c" }
    }
  ],
  "connections": [
    [ "esp:TX", "$serialMonitor:RX", "", [] ],
    [ "esp:RX", "$serialMonitor:TX", "", [] ],
    [ "esp:3V3", "bb1:tp.1", "red", [ "h-19.05", "v-38.4", "h9.6" ] ],
    [ "esp:GND.1", "bb1:tn.2", "limegreen", [ "h-57.45", "v-211.2", "h276.8" ] ],
    [ "bb1:tp.1", "bb1:bp.1", "red", [ "v0" ] ],
    [ "bb1:tn.2", "bb1:bn.2", "limegreen", [ "v0" ] ],
    [ "esp:15", "bb1:28b.j", "blue", [ "v0", "h364.8" ] ],
    [ "bb1:28b.f", "bb1:28t.e", "blue", [ "v0" ] ],
    [ "r1:1", "bb1:bp.18", "red", [ "v0" ] ],
    [ "bz1:2", "bb1:bn.7", "green", [ "v0" ] ],
    [ "esp:14", "bz1:1", "gold", [ "h-38.25", "v-172.8", "h172.8", "v144", "h134.4" ] ],
    [ "esp:13", "led2:A", "cyan", [ "h-47.85", "v67.2", "h432" ] ],
    [ "temp1:GND", "bb1:tn.22", "limegreen", [ "v0" ] ],
    [ "temp1:VCC", "bb1:tp.24", "red", [ "v0" ] ],
    [ "led1:A", "bb1:17t.a", "", [ "$bb" ] ],
    [ "led1:C", "bb1:16t.a", "", [ "$bb" ] ],
    [ "bz1:1", "bb1:8t.a", "", [ "$bb" ] ],
    [ "bz1:2", "bb1:9t.a", "", [ "$bb" ] ],
    [ "r1:1", "bb1:22b.j", "", [ "$bb" ] ],
    [ "r1:2", "bb1:28b.j", "", [ "$bb" ] ],
    [ "led2:A", "bb1:21t.a", "", [ "$bb" ] ],
    [ "led2:C", "bb1:20t.a", "", [ "$bb" ] ],
    [ "esp:12", "led1:A", "magenta", [ "v0", "h-86.25", "v105.6", "h451.2" ] ],
    [ "led1:C", "bb1:bn.13", "green", [ "v0" ] ],
    [ "led2:C", "bb1:bn.16", "green", [ "v0" ] ],
    [ "temp1:GND", "bb1:27t.a", "", [ "$bb" ] ],
    [ "temp1:DQ", "bb1:28t.a", "", [ "$bb" ] ],
    [ "temp1:VCC", "bb1:29t.a", "", [ "$bb" ] ],
    [ "oled1:GND", "bb1:bn.9", "black", [ "v0" ] ],
    [ "oled1:VCC", "bb1:bp.10", "red", [ "v0" ] ],
    [ "esp:21", "bb1:14b.j", "gray", [ "h19.2", "v86.4" ] ],
    [ "esp:22", "bb1:13b.i", "#8f4814", [ "h28.8", "v96" ] ],
    [ "oled1:SDA", "bb1:14b.j", "gray", [ "v0" ] ],
    [ "oled1:SCL", "bb1:13b.i", "#8f4814", [ "v0" ] ]
  ],
  "dependencies": {}
}